{"cameraMode":{"drawMode":0,"name":"Shaded","section":"Shading Mode"},"sceneLighting":true,"audioPlay":false,"sceneViewState":{"showFog":true,"showMaterialUpdate":false,"showSkybox":true,"showFlares":true,"showImageEffects":true,"showParticleSystems":true},"in2DMode":false,"pivot":{"x":161.2960968017578,"y":1.3070331811904908,"z":-25.62409782409668},"rotation":{"x":0.04139719158411026,"y":0.12347295880317688,"z":-0.005155513994395733,"w":0.9914706945419312},"size":6.973735809326172,"orthographic":false}