{"cameraMode":{"drawMode":0,"name":"Shaded","section":"Shading Mode"},"sceneLighting":false,"audioPlay":false,"sceneViewState":{"showFog":true,"showMaterialUpdate":false,"showSkybox":false,"showFlares":true,"showImageEffects":true,"showParticleSystems":true},"in2DMode":false,"pivot":{"x":-1.3848354816436768,"y":-0.2766028642654419,"z":1.9152777194976807},"rotation":{"x":0.15818296372890473,"y":-0.32450467348098757,"z":0.05513916164636612,"w":0.9309321045875549},"size":4.734091758728027,"orthographic":false}