{"cameraMode":{"drawMode":0,"name":"Shaded","section":"Shading Mode"},"sceneLighting":true,"audioPlay":false,"sceneViewState":{"showFog":true,"showMaterialUpdate":false,"showSkybox":false,"showFlares":true,"showImageEffects":true,"showParticleSystems":true},"in2DMode":false,"pivot":{"x":1145.8555908203125,"y":21.140148162841798,"z":1119.359619140625},"rotation":{"x":-0.08066803216934204,"y":-0.7395386099815369,"z":0.0900944173336029,"w":-0.6621618866920471},"size":7.342341899871826,"orthographic":false}